"","responseBlockTime","trialEarnings","condition","id","blockIdx"
"1",5.58333333332826,0,"rich","201",1
"2",13.3499999999879,1,"rich","201",1
"3",36.2166666666337,3,"rich","201",1
"4",45.8333333332916,1,"rich","201",1
"5",55.3666666666163,3,"rich","201",1
"6",64.9999999999409,1,"rich","201",1
"7",74.749999999932,0,"rich","201",1
"8",82.2333333332585,3,"rich","201",1
"9",91.9166666665831,1,"rich","201",1
"10",101.699999999908,0,"rich","201",1
"11",109.283333333234,0,"rich","201",1
"12",116.983333333227,3,"rich","201",1
"13",126.683333333218,3,"rich","201",1
"14",136.616666666542,0,"rich","201",1
"15",143.983333333202,3,"rich","201",1
"16",153.783333333193,0,"rich","201",1
"17",161.483333333186,0,"rich","201",1
"18",169.13333333318,1,"rich","201",1
"19",178.649999999838,1,"rich","201",1
"20",188.399999999829,0,"rich","201",1
"21",196.099999999822,1,"rich","201",1
"22",205.583333333146,3,"rich","201",1
"23",215.216666666471,3,"rich","201",1
"24",225.016666666462,0,"rich","201",1
"25",232.899999999788,0,"rich","201",1
"26",240.216666666448,1,"rich","201",1
"27",250.016666666439,3,"rich","201",1
"28",259.749999999764,0,"rich","201",1
"29",267.349999999757,0,"rich","201",1
"30",274.883333333083,3,"rich","201",1
"31",284.616666666408,3,"rich","201",1
"32",294.283333333066,1,"rich","201",1
"33",303.883333333057,3,"rich","201",1
"34",313.533333333048,0,"rich","201",1
"35",321.283333333041,0,"rich","201",1
"36",328.966666666367,0,"rich","201",1
"37",336.86666666636,0,"rich","201",1
"38",344.28333333302,3,"rich","201",1
"39",354.099999999678,0,"rich","201",1
"40",361.583333333004,1,"rich","201",1
"41",371.799999999662,3,"rich","201",1
"42",380.933333332987,1,"rich","201",1
"43",390.566666666311,3,"rich","201",1
"44",400.616666666302,0,"rich","201",1
"45",407.933333332962,0,"rich","201",1
"46",415.666666666289,1,"rich","201",1
"47",425.41666666628,0,"rich","201",1
"48",432.966666666273,1,"rich","201",1
"49",442.633333332931,3,"rich","201",1
"50",452.249999999589,0,"rich","201",1
"51",459.849999999582,3,"rich","201",1
"52",469.599999999573,3,"rich","201",1
"53",479.099999999564,1,"rich","201",1
"54",488.999999999555,0,"rich","201",1
"55",496.666666666215,1,"rich","201",1
"56",506.383333332873,0,"rich","201",1
"57",513.949999999533,0,"rich","201",1
"58",521.449999999526,3,"rich","201",1
"59",531.216666666184,1,"rich","201",1
"60",540.683333332842,3,"rich","201",1
"61",550.833333332832,3,"rich","201",1
"62",560.24999999949,0,"rich","201",1
"63",567.833333332817,0,"rich","201",1
"64",575.566666666143,0,"rich","201",1
"65",583.116666666136,3,"rich","201",1
"66",592.883333332794,0,"rich","201",1
"67",600.583333332787,0,"rich","201",1
"68",608.166666666114,1,"rich","201",1
"69",617.833333332771,3,"rich","201",1
"70",627.449999999429,3,"rich","201",1
"71",637.233333332754,0,"rich","201",1
"72",644.833333332747,0,"rich","201",1
"73",652.43333333274,3,"rich","201",1
"74",662.233333332731,1,"rich","201",1
"75",671.949999999389,0,"rich","201",1
"76",679.483333332715,3,"rich","201",1
"77",688.999999999373,3,"rich","201",1
"78",698.749999999364,1,"rich","201",1
"79",708.366666666022,3,"rich","201",1
"80",717.999999999347,0,"rich","201",1
"81",727.316666666005,0,"rich","201",1
"82",733.549999999333,3,"rich","201",1
"83",743.299999999324,0,"rich","201",1
"84",750.93333333265,1,"rich","201",1
"85",760.483333332642,1,"rich","201",1
"86",770.1499999993,0,"rich","201",1
"87",777.716666665959,3,"rich","201",1
"88",787.433333332617,0,"rich","201",1
"89",795.049999999277,0,"rich","201",1
"90",803.083333332603,3,"rich","201",1
"91",812.383333332594,3,"rich","201",1
"92",821.983333332586,1,"rich","201",1
"93",831.699999999244,3,"rich","201",1
"94",841.249999999235,0,"rich","201",1
"95",848.999999999228,1,"rich","201",1
"96",858.699999999219,1,"rich","201",1
"97",868.19999999921,0,"rich","201",1
"98",876.06666666587,0,"rich","201",1
"99",883.883333332529,0,"rich","201",1
"100",891.14999999919,3,"rich","201",1
"101",901.066666665847,1,"rich","201",1
"102",910.716666665838,3,"rich","201",1
"103",920.399999999163,0,"rich","201",1
"104",927.799999999156,3,"rich","201",1
"105",937.466666665814,0,"rich","201",1
"106",945.216666665809,0,"rich","201",1
"107",952.949999999149,3,"rich","201",1
"108",962.53333333249,1,"rich","201",1
"109",972.116666665831,1,"rich","201",1
"110",981.949999999172,0,"rich","201",1
"111",989.533333332511,3,"rich","201",1
"112",999.316666665852,0,"rich","201",1
"113",1007.06666666586,0,"rich","201",1
"114",1014.83333333253,1,"rich","201",1
"115",1024.28333333254,1,"rich","201",1
"116",1034.01666666588,0,"rich","201",1
"117",1041.66666666589,1,"rich","201",1
"118",1051.18333333256,1,"rich","201",1
"119",1060.9166666659,0,"rich","201",1
"120",1068.79999999924,0,"rich","201",1
"121",1076.18333333258,1,"rich","201",1
"122",1085.88333333258,3,"rich","201",1
"123",1095.46666666591,0,"rich","201",1
"124",1103.09999999924,3,"rich","201",1
"125",1113.01666666591,0,"rich","201",1
"126",1120.78333333257,1,"rich","201",1
"127",1130.11666666591,3,"rich","201",1
"128",1139.79999999924,0,"rich","201",1
"129",1147.44999999924,0,"rich","201",1
"130",1155.38333333257,0,"rich","201",1
"131",1162.74999999924,1,"rich","201",1
"132",1172.43333333257,3,"rich","201",1
"133",1182.1166666659,1,"rich","201",1
"134",1191.8166666659,1,"rich","201",1
"135",5.68333333332816,0,"poor","201",2
"136",13.0166666666548,0,"poor","201",2
"137",20.9333333333143,0,"poor","201",2
"138",28.3833333333075,0,"poor","201",2
"139",36.1833333333004,3,"poor","201",2
"140",46.5166666666244,0,"poor","201",2
"141",53.8333333332844,0,"poor","201",2
"142",61.7499999999438,3,"poor","201",2
"143",84.1999999999234,1,"poor","201",2
"144",93.9333333332479,0,"poor","201",2
"145",101.816666666574,0,"poor","201",2
"146",109.299999999901,0,"poor","201",2
"147",117.06666666656,0,"poor","201",2
"148",124.93333333322,0,"poor","201",2
"149",132.44999999988,1,"poor","201",2
"150",142.083333333204,0,"poor","201",2
"151",150.183333333197,1,"poor","201",2
"152",172.883333333176,0,"poor","201",2
"153",180.833333333169,0,"poor","201",2
"154",188.433333333162,0,"poor","201",2
"155",197.183333333154,0,"poor","201",2
"156",203.816666666481,0,"poor","201",2
"157",211.349999999808,0,"poor","201",2
"158",219.216666666467,0,"poor","201",2
"159",227.799999999793,0,"poor","201",2
"160",234.93333333312,0,"poor","201",2
"161",242.29999999978,3,"poor","201",2
"162",251.933333333104,3,"poor","201",2
"163",275.183333333083,0,"poor","201",2
"164",282.966666666409,0,"poor","201",2
"165",290.366666666403,3,"poor","201",2
"166",299.899999999727,0,"poor","201",2
"167",308.733333333053,1,"poor","201",2
"168",330.699999999699,0,"poor","201",2
"169",338.649999999692,0,"poor","201",2
"170",346.299999999685,0,"poor","201",2
"171",354.049999999678,0,"poor","201",2
"172",361.833333333004,3,"poor","201",2
"173",384.716666666317,0,"poor","201",2
"174",392.499999999643,1,"poor","201",2
"175",402.099999999634,0,"poor","201",2
"176",409.749999999627,0,"poor","201",2
"177",417.84999999962,3,"poor","201",2
"178",440.749999999599,0,"poor","201",2
"179",448.449999999592,0,"poor","201",2
"180",456.433333332918,0,"poor","201",2
"181",463.583333332912,0,"poor","201",2
"182",471.566666666238,0,"poor","201",2
"183",479.033333332898,1,"poor","201",2
"184",488.966666666222,0,"poor","201",2
"185",496.483333332882,0,"poor","201",2
"186",504.383333332875,1,"poor","201",2
"187",531.566666666183,3,"poor","201",2
"188",554.833333332829,0,"poor","201",2
"189",561.999999999489,3,"poor","201",2
"190",571.89999999948,0,"poor","201",2
"191",579.41666666614,1,"poor","201",2
"192",589.199999999464,0,"poor","201",2
"193",596.799999999457,0,"poor","201",2
"194",604.716666666117,0,"poor","201",2
"195",613.599999999442,0,"poor","201",2
"196",620.183333332769,3,"poor","201",2
"197",647.499999999411,1,"poor","201",2
"198",670.333333332724,0,"poor","201",2
"199",678.083333332717,0,"poor","201",2
"200",685.88333333271,0,"poor","201",2
"201",693.616666666036,0,"poor","201",2
"202",701.233333332696,3,"poor","201",2
"203",724.266666666008,0,"poor","201",2
"204",731.916666666001,1,"poor","201",2
"205",741.833333332659,0,"poor","201",2
"206",749.999999999318,0,"poor","201",2
"207",758.14999999931,0,"poor","201",2
"208",764.699999999305,0,"poor","201",2
"209",772.283333332631,1,"poor","201",2
"210",799.566666665939,1,"poor","201",2
"211",809.66666666593,3,"poor","201",2
"212",832.483333332576,3,"poor","201",2
"213",855.966666665888,0,"poor","201",2
"214",863.383333332548,0,"poor","201",2
"215",870.966666665875,0,"poor","201",2
"216",878.583333332534,1,"poor","201",2
"217",888.416666665859,0,"poor","201",2
"218",896.183333332518,1,"poor","201",2
"219",923.416666665827,0,"poor","201",2
"220",931.516666665819,0,"poor","201",2
"221",938.63333333248,1,"poor","201",2
"222",962.016666665822,0,"poor","201",2
"223",969.433333332495,3,"poor","201",2
"224",979.099999999169,0,"poor","201",2
"225",987.699999999176,0,"poor","201",2
"226",995.066666665849,3,"poor","201",2
"227",1021.8499999992,3,"poor","201",2
"228",1032.71666666588,1,"poor","201",2
"229",1059.33333333257,0,"poor","201",2
"230",1067.33333333257,0,"poor","201",2
"231",1075.19999999924,1,"poor","201",2
"232",1101.83333333257,1,"poor","201",2
"233",1124.98333333257,0,"poor","201",2
"234",1132.56666666591,1,"poor","201",2
"235",1159.64999999924,1,"poor","201",2
"236",1168.9666666659,1,"poor","201",2
"237",1193.3666666659,0,"poor","201",2
"238",1199.74999999924,3,"poor","201",2
"239",5.78333333332807,3,"rich","202",1
"240",15.2166666666528,1,"rich","202",1
"241",25.4166666666436,0,"rich","202",1
"242",32.5166666666371,3,"rich","202",1
"243",42.2166666666283,1,"rich","202",1
"244",52.3333333332857,0,"rich","202",1
"245",59.6833333332791,0,"rich","202",1
"246",67.5166666666053,3,"rich","202",1
"247",77.3666666665963,0,"rich","202",1
"248",85.1833333332559,3,"rich","202",1
"249",107.566666666569,3,"rich","202",1
"250",117.333333333227,1,"rich","202",1
"251",127.466666666551,0,"rich","202",1
"252",135.049999999877,1,"rich","202",1
"253",144.433333333202,0,"rich","202",1
"254",152.366666666528,0,"rich","202",1
"255",159.766666666521,3,"rich","202",1
"256",170.183333333179,0,"rich","202",1
"257",177.099999999839,1,"rich","202",1
"258",186.933333333163,1,"rich","202",1
"259",196.349999999821,3,"rich","202",1
"260",206.699999999812,0,"rich","202",1
"261",213.683333333139,3,"rich","202",1
"262",223.68333333313,0,"rich","202",1
"263",231.39999999979,0,"rich","202",1
"264",238.649999999783,1,"rich","202",1
"265",248.566666666441,1,"rich","202",1
"266",258.116666666432,1,"rich","202",1
"267",267.399999999757,3,"rich","202",1
"268",277.316666666414,0,"rich","202",1
"269",285.299999999741,0,"rich","202",1
"270",292.783333333067,1,"rich","202",1
"271",302.216666666392,1,"rich","202",1
"272",312.349999999716,0,"rich","202",1
"273",319.516666666376,1,"rich","202",1
"274",329.366666666367,0,"rich","202",1
"275",336.999999999694,3,"rich","202",1
"276",347.099999999684,0,"rich","202",1
"277",354.649999999677,0,"rich","202",1
"278",361.933333333004,3,"rich","202",1
"279",371.716666666329,1,"rich","202",1
"280",381.51666666632,3,"rich","202",1
"281",390.816666666311,3,"rich","202",1
"282",400.349999999636,3,"rich","202",1
"283",409.949999999627,3,"rich","202",1
"284",419.766666666285,0,"rich","202",1
"285",427.399999999611,1,"rich","202",1
"286",437.249999999602,0,"rich","202",1
"287",444.916666666262,0,"rich","202",1
"288",452.449999999588,3,"rich","202",1
"289",462.09999999958,1,"rich","202",1
"290",471.599999999571,1,"rich","202",1
"291",481.516666666229,0,"rich","202",1
"292",489.099999999555,0,"rich","202",1
"293",496.649999999548,0,"rich","202",1
"294",504.383333332875,1,"rich","202",1
"295",514.066666666199,3,"rich","202",1
"296",523.61666666619,3,"rich","202",1
"297",534.249999999514,0,"rich","202",1
"298",541.083333332841,0,"rich","202",1
"299",548.766666666168,0,"rich","202",1
"300",556.216666666161,1,"rich","202",1
"301",565.933333332819,3,"rich","202",1
"302",575.58333333281,3,"rich","202",1
"303",585.199999999468,1,"rich","202",1
"304",595.149999999459,0,"rich","202",1
"305",602.349999999452,3,"rich","202",1
"306",612.36666666611,0,"rich","202",1
"307",619.866666666103,0,"rich","202",1
"308",627.533333332763,1,"rich","202",1
"309",637.583333332753,0,"rich","202",1
"310",644.849999999414,0,"rich","202",1
"311",652.616666666073,3,"rich","202",1
"312",662.283333332731,3,"rich","202",1
"313",671.966666666056,1,"rich","202",1
"314",681.64999999938,0,"rich","202",1
"315",688.983333332707,3,"rich","202",1
"316",699.249999999364,0,"rich","202",1
"317",706.766666666024,0,"rich","202",1
"318",714.049999999351,3,"rich","202",1
"319",723.949999999342,1,"rich","202",1
"320",733.533333332666,1,"rich","202",1
"321",743.216666665991,0,"rich","202",1
"322",750.78333333265,3,"rich","202",1
"323",760.416666665975,3,"rich","202",1
"324",770.1999999993,0,"rich","202",1
"325",777.816666665959,0,"rich","202",1
"326",785.516666665952,3,"rich","202",1
"327",795.099999999277,1,"rich","202",1
"328",805.766666665934,0,"rich","202",1
"329",812.416666665928,3,"rich","202",1
"330",822.666666665918,0,"rich","202",1
"331",829.749999999245,3,"rich","202",1
"332",839.449999999237,1,"rich","202",1
"333",848.983333332561,3,"rich","202",1
"334",858.699999999219,0,"rich","202",1
"335",866.266666665879,3,"rich","202",1
"336",876.16666666587,0,"rich","202",1
"337",883.849999999196,0,"rich","202",1
"338",891.333333332523,1,"rich","202",1
"339",901.033333332514,0,"rich","202",1
"340",908.633333332507,3,"rich","202",1
"341",918.399999999165,0,"rich","202",1
"342",926.049999999158,3,"rich","202",1
"343",935.733333332482,3,"rich","202",1
"344",945.766666665809,0,"rich","202",1
"345",952.933333332482,1,"rich","202",1
"346",962.799999999156,0,"rich","202",1
"347",970.216666665829,3,"rich","202",1
"348",980.083333332503,1,"rich","202",1
"349",989.733333332511,0,"rich","202",1
"350",997.233333332517,3,"rich","202",1
"351",1006.88333333252,3,"rich","202",1
"352",1016.51666666587,1,"rich","202",1
"353",1026.06666666587,3,"rich","202",1
"354",1035.79999999921,0,"rich","202",1
"355",1043.54999999922,3,"rich","202",1
"356",1053.4666666659,0,"rich","202",1
"357",1060.88333333257,0,"rich","202",1
"358",1068.56666666591,0,"rich","202",1
"359",1076.23333333258,1,"rich","202",1
"360",1086.08333333258,0,"rich","202",1
"361",1093.73333333258,1,"rich","202",1
"362",1103.41666666591,0,"rich","202",1
"363",1110.81666666591,1,"rich","202",1
"364",1120.58333333257,3,"rich","202",1
"365",1130.44999999924,0,"rich","202",1
"366",1137.96666666591,3,"rich","202",1
"367",1147.54999999924,1,"rich","202",1
"368",1157.24999999924,0,"rich","202",1
"369",1164.68333333257,1,"rich","202",1
"370",1174.59999999924,0,"rich","202",1
"371",1182.1166666659,1,"rich","202",1
"372",1191.94999999924,0,"rich","202",1
"373",1199.54999999924,0,"rich","202",1
"374",5.44999999999504,3,"poor","202",2
"375",15.1666666666529,0,"poor","202",2
"376",22.8166666666459,0,"poor","202",2
"377",30.4499999999723,0,"poor","202",2
"378",38.1333333332987,0,"poor","202",2
"379",45.9166666666249,0,"poor","202",2
"380",53.6499999999512,0,"poor","202",2
"381",61.3833333332775,0,"poor","202",2
"382",68.866666666604,0,"poor","202",2
"383",76.5166666665971,0,"poor","202",2
"384",84.26666666659,0,"poor","202",2
"385",92.1999999999161,3,"poor","202",2
"386",101.849999999907,0,"poor","202",2
"387",109.483333333234,0,"poor","202",2
"388",117.099999999893,0,"poor","202",2
"389",124.849999999886,0,"poor","202",2
"390",132.633333333213,1,"poor","202",2
"391",142.349999999871,0,"poor","202",2
"392",149.949999999864,0,"poor","202",2
"393",157.616666666523,0,"poor","202",2
"394",165.233333333183,0,"poor","202",2
"395",172.933333333176,0,"poor","202",2
"396",180.549999999836,1,"poor","202",2
"397",190.616666666493,0,"poor","202",2
"398",198.033333333153,0,"poor","202",2
"399",205.633333333146,0,"poor","202",2
"400",213.366666666473,0,"poor","202",2
"401",221.266666666465,0,"poor","202",2
"402",228.833333333125,0,"poor","202",2
"403",236.316666666452,1,"poor","202",2
"404",246.183333333109,0,"poor","202",2
"405",253.833333333102,0,"poor","202",2
"406",261.416666666429,0,"poor","202",2
"407",269.199999999755,0,"poor","202",2
"408",276.899999999748,0,"poor","202",2
"409",284.516666666408,0,"poor","202",2
"410",292.099999999734,3,"poor","202",2
"411",302.633333333058,3,"poor","202",2
"412",324.949999999704,0,"poor","202",2
"413",333.066666666364,0,"poor","202",2
"414",340.366666666357,0,"poor","202",2
"415",348.149999999683,0,"poor","202",2
"416",355.93333333301,0,"poor","202",2
"417",363.449999999669,0,"poor","202",2
"418",371.216666666329,0,"poor","202",2
"419",379.049999999655,0,"poor","202",2
"420",386.583333332982,0,"poor","202",2
"421",394.299999999641,3,"poor","202",2
"422",404.099999999632,0,"poor","202",2
"423",411.683333332959,0,"poor","202",2
"424",419.316666666285,0,"poor","202",2
"425",427.016666666278,0,"poor","202",2
"426",434.716666666271,0,"poor","202",2
"427",442.483333332931,0,"poor","202",2
"428",450.116666666257,1,"poor","202",2
"429",459.816666666248,0,"poor","202",2
"430",467.466666666242,0,"poor","202",2
"431",475.066666666235,0,"poor","202",2
"432",482.966666666227,0,"poor","202",2
"433",490.76666666622,0,"poor","202",2
"434",498.449999999547,0,"poor","202",2
"435",505.983333332873,0,"poor","202",2
"436",513.816666666199,0,"poor","202",2
"437",521.349999999526,0,"poor","202",2
"438",529.149999999519,3,"poor","202",2
"439",539.083333332843,0,"poor","202",2
"440",546.449999999503,0,"poor","202",2
"441",554.483333332829,0,"poor","202",2
"442",562.016666666156,0,"poor","202",2
"443",569.599999999482,0,"poor","202",2
"444",578.033333332808,0,"poor","202",2
"445",584.833333332801,0,"poor","202",2
"446",592.983333332794,3,"poor","202",2
"447",615.883333332773,0,"poor","202",2
"448",623.5166666661,1,"poor","202",2
"449",633.483333332757,0,"poor","202",2
"450",641.049999999417,0,"poor","202",2
"451",648.716666666077,0,"poor","202",2
"452",656.299999999403,1,"poor","202",2
"453",666.183333332727,0,"poor","202",2
"454",673.766666666054,0,"poor","202",2
"455",681.49999999938,0,"poor","202",2
"456",688.983333332707,0,"poor","202",2
"457",696.983333332699,0,"poor","202",2
"458",704.649999999359,0,"poor","202",2
"459",712.299999999352,0,"poor","202",2
"460",719.716666666012,0,"poor","202",2
"461",727.666666666005,3,"poor","202",2
"462",737.633333332662,0,"poor","202",2
"463",744.766666665989,0,"poor","202",2
"464",752.566666665982,0,"poor","202",2
"465",760.183333332642,0,"poor","202",2
"466",768.399999999301,1,"poor","202",2
"467",791.083333332614,0,"poor","202",2
"468",799.16666666594,1,"poor","202",2
"469",808.766666665931,0,"poor","202",2
"470",816.316666665924,0,"poor","202",2
"471",824.033333332584,0,"poor","202",2
"472",831.633333332577,3,"poor","202",2
"473",841.516666665901,0,"poor","202",2
"474",849.016666665894,0,"poor","202",2
"475",856.783333332554,0,"poor","202",2
"476",864.449999999214,0,"poor","202",2
"477",872.23333333254,0,"poor","202",2
"478",879.4999999992,0,"poor","202",2
"479",887.21666666586,0,"poor","202",2
"480",894.799999999186,1,"poor","202",2
"481",905.68333333251,0,"poor","202",2
"482",912.216666665837,0,"poor","202",2
"483",919.883333332497,0,"poor","202",2
"484",928.016666665823,1,"poor","202",2
"485",951.166666665814,0,"poor","202",2
"486",958.96666666582,0,"poor","202",2
"487",966.699999999159,1,"poor","202",2
"488",976.149999999167,0,"poor","202",2
"489",983.76666666584,0,"poor","202",2
"490",991.449999999179,0,"poor","202",2
"491",999.116666665852,0,"poor","202",2
"492",1007.14999999919,0,"poor","202",2
"493",1014.53333333253,0,"poor","202",2
"494",1022.13333333254,0,"poor","202",2
"495",1029.98333333254,0,"poor","202",2
"496",1037.74999999922,3,"poor","202",2
"497",1047.36666666589,0,"poor","202",2
"498",1055.3666666659,1,"poor","202",2
"499",1078.39999999924,0,"poor","202",2
"500",1085.46666666591,3,"poor","202",2
"501",1095.33333333258,0,"poor","202",2
"502",1103.38333333257,0,"poor","202",2
"503",1110.58333333257,0,"poor","202",2
"504",1118.19999999924,0,"poor","202",2
"505",1125.99999999924,0,"poor","202",2
"506",1133.73333333257,0,"poor","202",2
"507",1141.33333333257,1,"poor","202",2
"508",1151.06666666591,0,"poor","202",2
"509",1158.61666666591,0,"poor","202",2
"510",1166.5166666659,0,"poor","202",2
"511",1174.2666666659,1,"poor","202",2
"512",1197.48333333257,0,"poor","202",2
"513",5.71666666666147,0,"rich","203",1
"514",13.3999999999878,0,"rich","203",1
"515",20.9499999999809,3,"rich","203",1
"516",30.5333333333056,1,"rich","203",1
"517",40.1166666666302,3,"rich","203",1
"518",49.833333333288,1,"rich","203",1
"519",59.7499999999457,1,"rich","203",1
"520",86.7666666665878,0,"rich","203",1
"521",94.7833333332471,0,"rich","203",1
"522",102.316666666574,3,"rich","203",1
"523",112.266666666565,0,"rich","203",1
"524",119.783333333224,3,"rich","203",1
"525",129.199999999882,3,"rich","203",1
"526",138.799999999874,1,"rich","203",1
"527",148.399999999865,3,"rich","203",1
"528",158.349999999856,0,"rich","203",1
"529",166.149999999849,0,"rich","203",1
"530",173.433333333176,1,"rich","203",1
"531",183.0666666665,1,"rich","203",1
"532",192.716666666491,3,"rich","203",1
"533",202.616666666482,3,"rich","203",1
"534",225.333333333128,3,"rich","203",1
"535",234.899999999786,3,"rich","203",1
"536",244.666666666444,1,"rich","203",1
"537",254.816666666435,0,"rich","203",1
"538",262.649999999761,0,"rich","203",1
"539",270.233333333088,0,"rich","203",1
"540",277.483333333081,1,"rich","203",1
"541",287.066666666406,1,"rich","203",1
"542",296.54999999973,1,"rich","203",1
"543",306.416666666388,0,"rich","203",1
"544",314.099999999714,0,"rich","203",1
"545",322.066666666374,0,"rich","203",1
"546",329.366666666367,1,"rich","203",1
"547",339.083333333025,1,"rich","203",1
"548",349.083333333016,0,"rich","203",1
"549",356.549999999676,0,"rich","203",1
"550",364.083333333002,1,"rich","203",1
"551",373.783333332993,1,"rich","203",1
"552",383.499999999651,0,"rich","203",1
"553",391.249999999644,3,"rich","203",1
"554",400.583333332969,3,"rich","203",1
"555",410.366666666293,3,"rich","203",1
"556",419.933333332951,3,"rich","203",1
"557",429.499999999609,3,"rich","203",1
"558",439.216666666267,1,"rich","203",1
"559",449.066666666258,0,"rich","203",1
"560",456.649999999585,0,"rich","203",1
"561",464.383333332911,0,"rich","203",1
"562",471.916666666237,1,"rich","203",1
"563",481.566666666229,3,"rich","203",1
"564",491.06666666622,1,"rich","203",1
"565",501.183333332878,0,"rich","203",1
"566",508.533333332871,0,"rich","203",1
"567",516.333333332864,0,"rich","203",1
"568",523.833333332857,1,"rich","203",1
"569",533.616666666181,1,"rich","203",1
"570",543.349999999506,3,"rich","203",1
"571",552.916666666164,0,"rich","203",1
"572",560.616666666157,0,"rich","203",1
"573",568.399999999483,3,"rich","203",1
"574",577.933333332808,0,"rich","203",1
"575",585.783333332801,3,"rich","203",1
"576",596.466666666124,1,"rich","203",1
"577",604.766666666117,1,"rich","203",1
"578",614.816666666107,0,"rich","203",1
"579",622.099999999434,1,"rich","203",1
"580",631.716666666092,3,"rich","203",1
"581",641.749999999416,0,"rich","203",1
"582",649.416666666076,0,"rich","203",1
"583",657.099999999402,3,"rich","203",1
"584",666.466666666061,1,"rich","203",1
"585",675.983333332719,1,"rich","203",1
"586",685.766666666043,3,"rich","203",1
"587",695.566666666034,0,"rich","203",1
"588",702.949999999361,0,"rich","203",1
"589",710.549999999354,0,"rich","203",1
"590",718.366666666013,1,"rich","203",1
"591",728.116666666004,0,"rich","203",1
"592",735.816666665997,0,"rich","203",1
"593",743.46666666599,0,"rich","203",1
"594",751.116666665984,3,"rich","203",1
"595",760.766666665975,1,"rich","203",1
"596",770.283333332633,1,"rich","203",1
"597",779.983333332624,3,"rich","203",1
"598",789.583333332615,3,"rich","203",1
"599",799.149999999273,1,"rich","203",1
"600",809.549999999264,0,"rich","203",1
"601",816.733333332591,1,"rich","203",1
"602",826.516666665915,0,"rich","203",1
"603",834.016666665908,0,"rich","203",1
"604",843.933333332566,-2,"rich","203",1
"605",849.349999999228,3,"rich","203",1
"606",859.216666665885,0,"rich","203",1
"607",866.766666665878,1,"rich","203",1
"608",876.46666666587,3,"rich","203",1
"609",886.083333332527,0,"rich","203",1
"610",894.08333333252,0,"rich","203",1
"611",901.366666665847,1,"rich","203",1
"612",911.083333332505,0,"rich","203",1
"613",918.716666665831,3,"rich","203",1
"614",928.449999999156,0,"rich","203",1
"615",936.083333332482,0,"rich","203",1
"616",945.999999999143,-2,"rich","203",1
"617",951.449999999147,1,"rich","203",1
"618",960.983333332488,1,"rich","203",1
"619",970.783333332496,1,"rich","203",1
"620",980.699999999171,3,"rich","203",1
"621",989.916666665845,1,"rich","203",1
"622",999.633333332519,0,"rich","203",1
"623",1007.23333333253,0,"rich","203",1
"624",1015.13333333253,0,"rich","203",1
"625",1022.66666666587,0,"rich","203",1
"626",1030.21666666588,0,"rich","203",1
"627",1038.06666666588,3,"rich","203",1
"628",1047.84999999922,3,"rich","203",1
"629",1057.2666666659,1,"rich","203",1
"630",1067.13333333257,0,"rich","203",1
"631",1075.91666666591,3,"rich","203",1
"632",1084.24999999924,3,"rich","203",1
"633",1095.86666666591,0,"rich","203",1
"634",1101.64999999924,0,"rich","203",1
"635",1109.29999999924,0,"rich","203",1
"636",1117.19999999924,3,"rich","203",1
"637",1126.71666666591,1,"rich","203",1
"638",1138.59999999924,-2,"rich","203",1
"639",1143.94999999924,1,"rich","203",1
"640",1153.73333333257,0,"rich","203",1
"641",1161.49999999924,0,"rich","203",1
"642",1170.6166666659,0,"rich","203",1
"643",1176.73333333257,1,"rich","203",1
"644",1186.63333333257,3,"rich","203",1
"645",1196.24999999924,0,"rich","203",1
"646",5.64999999999486,3,"poor","203",2
"647",15.2666666666528,0,"poor","203",2
"648",23.6499999999785,0,"poor","203",2
"649",30.4499999999723,0,"poor","203",2
"650",38.2833333332985,0,"poor","203",2
"651",45.9333333332916,0,"poor","203",2
"652",54.9833333332833,0,"poor","203",2
"653",61.1166666666111,3,"poor","203",2
"654",70.8833333332689,1,"poor","203",2
"655",107.049999999903,0,"poor","203",2
"656",114.566666666562,0,"poor","203",2
"657",122.316666666555,0,"poor","203",2
"658",129.899999999882,0,"poor","203",2
"659",137.649999999875,0,"poor","203",2
"660",145.549999999868,0,"poor","203",2
"661",153.283333333194,0,"poor","203",2
"662",160.799999999854,0,"poor","203",2
"663",169.149999999846,1,"poor","203",2
"664",191.733333333159,1,"poor","203",2
"665",201.366666666484,0,"poor","203",2
"666",208.866666666477,0,"poor","203",2
"667",217.649999999802,0,"poor","203",2
"668",224.283333333129,0,"poor","203",2
"669",232.399999999789,0,"poor","203",2
"670",240.066666666448,3,"poor","203",2
"671",249.683333333106,0,"poor","203",2
"672",257.666666666432,0,"poor","203",2
"673",266.233333333091,1,"poor","203",2
"674",292.116666666401,0,"poor","203",2
"675",300.03333333306,0,"poor","203",2
"676",307.99999999972,0,"poor","203",2
"677",315.049999999713,0,"poor","203",2
"678",323.03333333304,1,"poor","203",2
"679",332.633333333031,0,"poor","203",2
"680",340.916666666357,0,"poor","203",2
"681",348.11666666635,0,"poor","203",2
"682",356.266666666343,0,"poor","203",2
"683",363.449999999669,3,"poor","203",2
"684",373.149999999661,0,"poor","203",2
"685",382.599999999652,-2,"poor","203",2
"686",388.249999999647,0,"poor","203",2
"687",396.083333332973,0,"poor","203",2
"688",404.183333332966,3,"poor","203",2
"689",431.616666666274,0,"poor","203",2
"690",438.733333332934,0,"poor","203",2
"691",446.466666666261,1,"poor","203",2
"692",456.216666666252,0,"poor","203",2
"693",464.016666666245,0,"poor","203",2
"694",472.94999999957,0,"poor","203",2
"695",479.516666666231,3,"poor","203",2
"696",488.683333332889,0,"poor","203",2
"697",496.416666666215,0,"poor","203",2
"698",504.099999999542,0,"poor","203",2
"699",511.749999999535,0,"poor","203",2
"700",519.433333332861,0,"poor","203",2
"701",527.166666666187,0,"poor","203",2
"702",534.86666666618,0,"poor","203",2
"703",542.699999999506,0,"poor","203",2
"704",550.333333332833,0,"poor","203",2
"705",558.283333332826,0,"poor","203",2
"706",566.383333332818,0,"poor","203",2
"707",573.616666666145,0,"poor","203",2
"708",581.733333332804,1,"poor","203",2
"709",590.999999999462,1,"poor","203",2
"710",602.433333332785,-2,"poor","203",2
"711",607.866666666114,0,"poor","203",2
"712",615.716666666107,0,"poor","203",2
"713",623.733333332766,0,"poor","203",2
"714",631.433333332759,1,"poor","203",2
"715",658.783333332734,0,"poor","203",2
"716",666.299999999394,1,"poor","203",2
"717",676.499999999385,0,"poor","203",2
"718",683.916666666045,0,"poor","203",2
"719",691.199999999371,3,"poor","203",2
"720",719.099999999346,1,"poor","203",2
"721",746.133333332655,0,"poor","203",2
"722",753.733333332648,1,"poor","203",2
"723",776.683333332627,1,"poor","203",2
"724",786.716666665951,3,"poor","203",2
"725",814.583333332592,1,"poor","203",2
"726",836.949999999239,0,"poor","203",2
"727",844.583333332565,0,"poor","203",2
"728",852.299999999225,0,"poor","203",2
"729",860.616666665884,0,"poor","203",2
"730",867.666666665878,1,"poor","203",2
"731",895.216666665852,3,"poor","203",2
"732",918.249999999165,3,"poor","203",2
"733",945.766666665809,0,"poor","203",2
"734",953.049999999149,0,"poor","203",2
"735",960.983333332488,3,"poor","203",2
"736",970.666666665829,0,"poor","203",2
"737",978.483333332502,3,"poor","203",2
"738",1001.64999999919,3,"poor","203",2
"739",1028.73333333254,0,"poor","203",2
"740",1035.98333333255,0,"poor","203",2
"741",1043.73333333255,1,"poor","203",2
"742",1053.5666666659,0,"poor","203",2
"743",1061.0166666659,0,"poor","203",2
"744",1068.49999999924,0,"poor","203",2
"745",1076.83333333258,3,"poor","203",2
"746",1104.03333333257,0,"poor","203",2
"747",1112.69999999924,1,"poor","203",2
"748",1121.63333333257,1,"poor","203",2
"749",1148.84999999924,3,"poor","203",2
"750",1171.64999999924,3,"poor","203",2
"751",1198.19999999924,1,"poor","203",2
"752",5.68333333332816,0,"rich","204",1
"753",12.9999999999882,3,"rich","204",1
"754",40.4833333332965,1,"rich","204",1
"755",50.4499999999541,1,"rich","204",1
"756",59.6499999999457,1,"rich","204",1
"757",70.0333333332696,3,"rich","204",1
"758",92.399999999916,1,"rich","204",1
"759",102.066666666574,3,"rich","204",1
"760",111.699999999898,3,"rich","204",1
"761",121.883333333222,0,"rich","204",1
"762",128.916666666549,1,"rich","204",1
"763",138.833333333207,3,"rich","204",1
"764",149.133333333198,0,"rich","204",1
"765",156.249999999858,0,"rich","204",1
"766",163.683333333184,3,"rich","204",1
"767",173.866666666509,3,"rich","204",1
"768",183.283333333167,1,"rich","204",1
"769",192.799999999825,0,"rich","204",1
"770",200.599999999818,3,"rich","204",1
"771",223.549999999797,1,"rich","204",1
"772",233.249999999788,0,"rich","204",1
"773",240.766666666448,0,"rich","204",1
"774",249.06666666644,0,"rich","204",1
"775",256.216666666434,3,"rich","204",1
"776",265.849999999758,3,"rich","204",1
"777",275.549999999749,0,"rich","204",1
"778",283.216666666409,1,"rich","204",1
"779",292.8666666664,1,"rich","204",1
"780",302.349999999725,3,"rich","204",1
"781",311.966666666383,1,"rich","204",1
"782",321.666666666374,1,"rich","204",1
"783",331.499999999699,0,"rich","204",1
"784",338.916666666358,1,"rich","204",1
"785",349.133333333016,0,"rich","204",1
"786",356.283333333009,0,"rich","204",1
"787",364.066666666336,1,"rich","204",1
"788",373.833333332993,0,"rich","204",1
"789",381.283333332987,3,"rich","204",1
"790",390.966666666311,3,"rich","204",1
"791",400.499999999636,3,"rich","204",1
"792",410.33333333296,0,"rich","204",1
"793",419.249999999619,0,"rich","204",1
"794",425.549999999613,3,"rich","204",1
"795",435.483333332937,0,"rich","204",1
"796",443.849999999596,0,"rich","204",1
"797",450.616666666257,1,"rich","204",1
"798",460.149999999581,1,"rich","204",1
"799",470.099999999572,1,"rich","204",1
"800",479.66666666623,0,"rich","204",1
"801",487.249999999557,1,"rich","204",1
"802",497.066666666215,0,"rich","204",1
"803",504.816666666208,0,"rich","204",1
"804",512.283333332867,1,"rich","204",1
"805",521.916666666192,3,"rich","204",1
"806",532.299999999516,0,"rich","204",1
"807",539.233333332843,1,"rich","204",1
"808",548.999999999501,0,"rich","204",1
"809",556.61666666616,1,"rich","204",1
"810",566.216666666152,3,"rich","204",1
"811",575.866666666143,3,"rich","204",1
"812",586.099999999467,0,"rich","204",1
"813",593.366666666127,0,"rich","204",1
"814",600.933333332787,1,"rich","204",1
"815",610.499999999445,3,"rich","204",1
"816",620.616666666102,1,"rich","204",1
"817",629.733333332761,1,"rich","204",1
"818",639.583333332752,0,"rich","204",1
"819",647.549999999411,0,"rich","204",1
"820",654.799999999404,3,"rich","204",1
"821",664.649999999396,0,"rich","204",1
"822",672.149999999389,1,"rich","204",1
"823",681.866666666047,3,"rich","204",1
"824",691.733333332704,0,"rich","204",1
"825",699.899999999363,0,"rich","204",1
"826",708.883333332689,1,"rich","204",1
"827",716.433333332682,1,"rich","204",1
"828",726.416666666006,0,"rich","204",1
"829",733.783333332666,1,"rich","204",1
"830",743.849999999323,0,"rich","204",1
"831",751.516666665983,0,"rich","204",1
"832",758.883333332643,0,"rich","204",1
"833",766.46666666597,1,"rich","204",1
"834",776.199999999294,1,"rich","204",1
"835",785.783333332619,3,"rich","204",1
"836",795.599999999276,0,"rich","204",1
"837",803.399999999269,0,"rich","204",1
"838",810.766666665929,3,"rich","204",1
"839",820.433333332587,3,"rich","204",1
"840",830.299999999245,0,"rich","204",1
"841",837.766666665905,3,"rich","204",1
"842",847.299999999229,3,"rich","204",1
"843",857.016666665887,1,"rich","204",1
"844",866.833333332545,1,"rich","204",1
"845",876.549999999203,0,"rich","204",1
"846",884.133333332529,3,"rich","204",1
"847",893.749999999187,0,"rich","204",1
"848",901.94999999918,0,"rich","204",1
"849",908.999999999173,1,"rich","204",1
"850",918.783333332498,0,"rich","204",1
"851",926.266666665824,1,"rich","204",1
"852",936.016666665815,1,"rich","204",1
"853",945.716666665809,0,"rich","204",1
"854",953.283333332482,3,"rich","204",1
"855",962.98333333249,3,"rich","204",1
"856",972.749999999164,0,"rich","204",1
"857",980.599999999171,0,"rich","204",1
"858",988.03333333251,0,"rich","204",1
"859",995.666666665849,1,"rich","204",1
"860",1005.29999999919,3,"rich","204",1
"861",1015.08333333253,0,"rich","204",1
"862",1022.5999999992,3,"rich","204",1
"863",1032.34999999921,1,"rich","204",1
"864",1041.86666666589,3,"rich","204",1
"865",1051.74999999923,0,"rich","204",1
"866",1059.3666666659,0,"rich","204",1
"867",1067.01666666591,3,"rich","204",1
"868",1076.71666666591,1,"rich","204",1
"869",1086.29999999924,0,"rich","204",1
"870",1093.88333333258,3,"rich","204",1
"871",1103.48333333257,1,"rich","204",1
"872",1113.13333333257,3,"rich","204",1
"873",1122.91666666591,0,"rich","204",1
"874",1130.49999999924,1,"rich","204",1
"875",1141.18333333257,0,"rich","204",1
"876",1147.98333333257,0,"rich","204",1
"877",1155.53333333257,3,"rich","204",1
"878",1165.3166666659,0,"rich","204",1
"879",1172.79999999924,3,"rich","204",1
"880",1182.64999999924,0,"rich","204",1
"881",1190.33333333257,0,"rich","204",1
"882",1197.7666666659,3,"rich","204",1
"883",5.73333333332812,0,"poor","204",2
"884",13.1333333333214,0,"poor","204",2
"885",20.9166666666476,0,"poor","204",2
"886",28.6166666666406,0,"poor","204",2
"887",36.249999999967,0,"poor","204",2
"888",45.1166666666256,3,"poor","204",2
"889",67.1166666666056,1,"poor","204",2
"890",76.5999999999303,1,"poor","204",2
"891",86.3833333332548,0,"poor","204",2
"892",94.0999999999144,0,"poor","204",2
"893",101.816666666574,0,"poor","204",2
"894",109.966666666567,0,"poor","204",2
"895",117.083333333227,0,"poor","204",2
"896",125.016666666553,0,"poor","204",2
"897",132.566666666546,0,"poor","204",2
"898",140.299999999872,0,"poor","204",2
"899",147.966666666532,0,"poor","204",2
"900",156.499999999858,1,"poor","204",2
"901",179.599999999837,0,"poor","204",2
"902",186.366666666497,0,"poor","204",2
"903",194.199999999823,1,"poor","204",2
"904",203.816666666481,0,"poor","204",2
"905",211.699999999807,0,"poor","204",2
"906",219.099999999801,0,"poor","204",2
"907",226.933333333127,0,"poor","204",2
"908",235.149999999786,3,"poor","204",2
"909",244.216666666445,0,"poor","204",2
"910",251.999999999771,0,"poor","204",2
"911",261.433333333096,0,"poor","204",2
"912",267.216666666424,0,"poor","204",2
"913",274.99999999975,0,"poor","204",2
"914",282.816666666409,0,"poor","204",2
"915",290.366666666403,0,"poor","204",2
"916",298.083333333062,0,"poor","204",2
"917",306.416666666388,3,"poor","204",2
"918",315.399999999713,0,"poor","204",2
"919",323.849999999705,1,"poor","204",2
"920",332.783333333031,0,"poor","204",2
"921",340.766666666357,0,"poor","204",2
"922",348.183333333017,0,"poor","204",2
"923",355.816666666343,0,"poor","204",2
"924",363.549999999669,0,"poor","204",2
"925",371.433333332996,0,"poor","204",2
"926",379.033333332989,0,"poor","204",2
"927",386.799999999648,0,"poor","204",2
"928",394.333333332975,0,"poor","204",2
"929",402.033333332968,0,"poor","204",2
"930",409.716666666294,0,"poor","204",2
"931",418.29999999962,1,"poor","204",2
"932",427.116666666278,0,"poor","204",2
"933",434.766666666271,0,"poor","204",2
"934",442.499999999598,0,"poor","204",2
"935",450.84999999959,3,"poor","204",2
"936",459.933333332915,0,"poor","204",2
"937",467.583333332908,0,"poor","204",2
"938",475.283333332901,0,"poor","204",2
"939",483.049999999561,0,"poor","204",2
"940",491.16666666622,3,"poor","204",2
"941",500.383333332878,0,"poor","204",2
"942",508.016666666205,0,"poor","204",2
"943",515.699999999531,0,"poor","204",2
"944",523.533333332857,0,"poor","204",2
"945",531.049999999517,0,"poor","204",2
"946",538.733333332843,0,"poor","204",2
"947",546.56666666617,0,"poor","204",2
"948",554.233333332829,0,"poor","204",2
"949",562.183333332822,0,"poor","204",2
"950",569.833333332815,0,"poor","204",2
"951",577.483333332808,0,"poor","204",2
"952",584.999999999468,1,"poor","204",2
"953",594.816666666126,0,"poor","204",2
"954",602.616666666119,0,"poor","204",2
"955",610.099999999445,0,"poor","204",2
"956",619.93333333277,-2,"poor","204",2
"957",625.449999999431,0,"poor","204",2
"958",633.016666666091,1,"poor","204",2
"959",642.799999999415,0,"poor","204",2
"960",650.549999999408,0,"poor","204",2
"961",658.216666666068,0,"poor","204",2
"962",665.766666666061,0,"poor","204",2
"963",673.583333332721,1,"poor","204",2
"964",683.416666666045,0,"poor","204",2
"965",690.899999999372,0,"poor","204",2
"966",698.483333332698,0,"poor","204",2
"967",706.399999999358,0,"poor","204",2
"968",713.966666666017,0,"poor","204",2
"969",721.56666666601,1,"poor","204",2
"970",731.283333332668,0,"poor","204",2
"971",739.083333332661,0,"poor","204",2
"972",746.649999999321,0,"poor","204",2
"973",754.316666665981,0,"poor","204",2
"974",762.516666665973,3,"poor","204",2
"975",771.799999999298,0,"poor","204",2
"976",779.433333332624,0,"poor","204",2
"977",787.399999999284,0,"poor","204",2
"978",794.766666665944,0,"poor","204",2
"979",802.533333332603,0,"poor","204",2
"980",810.199999999263,0,"poor","204",2
"981",817.78333333259,0,"poor","204",2
"982",825.499999999249,0,"poor","204",2
"983",833.949999999242,1,"poor","204",2
"984",842.999999999233,0,"poor","204",2
"985",850.616666665893,0,"poor","204",2
"986",858.316666665886,0,"poor","204",2
"987",866.049999999212,0,"poor","204",2
"988",875.149999999204,0,"poor","204",2
"989",881.399999999198,0,"poor","204",2
"990",889.083333332525,0,"poor","204",2
"991",896.866666665851,0,"poor","204",2
"992",904.549999999177,0,"poor","204",2
"993",912.19999999917,0,"poor","204",2
"994",919.999999999163,3,"poor","204",2
"995",929.566666665821,0,"poor","204",2
"996",937.266666665814,0,"poor","204",2
"997",945.216666665809,0,"poor","204",2
"998",953.049999999149,0,"poor","204",2
"999",960.366666665821,0,"poor","204",2
"1000",968.583333332494,1,"poor","204",2
"1001",977.883333332502,0,"poor","204",2
"1002",985.433333332508,0,"poor","204",2
"1003",993.233333332514,0,"poor","204",2
"1004",1000.86666666585,0,"poor","204",2
"1005",1008.51666666586,0,"poor","204",2
"1006",1016.9999999992,1,"poor","204",2
"1007",1025.78333333254,0,"poor","204",2
"1008",1033.86666666588,0,"poor","204",2
"1009",1041.56666666589,0,"poor","204",2
"1010",1049.39999999923,0,"poor","204",2
"1011",1056.6666666659,0,"poor","204",2
"1012",1064.5166666659,0,"poor","204",2
"1013",1072.04999999924,0,"poor","204",2
"1014",1080.51666666591,1,"poor","204",2
"1015",1089.38333333258,0,"poor","204",2
"1016",1097.18333333258,0,"poor","204",2
"1017",1104.74999999924,0,"poor","204",2
"1018",1112.76666666591,1,"poor","204",2
"1019",1122.21666666591,0,"poor","204",2
"1020",1129.79999999924,0,"poor","204",2
"1021",1137.51666666591,0,"poor","204",2
"1022",1145.41666666591,0,"poor","204",2
"1023",1152.86666666591,0,"poor","204",2
"1024",1160.59999999924,0,"poor","204",2
"1025",1168.1666666659,3,"poor","204",2
"1026",1177.83333333257,0,"poor","204",2
"1027",1185.48333333257,0,"poor","204",2
"1028",1193.33333333257,0,"poor","204",2
"1029",5.44999999999504,1,"rich","205",1
"1030",15.1833333333195,0,"rich","205",1
"1031",22.6499999999794,3,"rich","205",1
"1032",32.8333333333035,1,"rich","205",1
"1033",55.5999999999494,0,"rich","205",1
"1034",63.0999999999426,3,"rich","205",1
"1035",73.0833333332669,3,"rich","205",1
"1036",82.3499999999251,0,"rich","205",1
"1037",90.1333333332514,1,"rich","205",1
"1038",99.7999999999092,1,"rich","205",1
"1039",109.483333333234,0,"rich","205",1
"1040",117.099999999893,3,"rich","205",1
"1041",126.816666666551,1,"rich","205",1
"1042",136.499999999876,0,"rich","205",1
"1043",144.666666666535,3,"rich","205",1
"1044",167.283333333181,0,"rich","205",1
"1045",174.883333333174,0,"rich","205",1
"1046",182.516666666501,1,"rich","205",1
"1047",192.199999999825,1,"rich","205",1
"1048",201.866666666483,1,"rich","205",1
"1049",211.416666666474,1,"rich","205",1
"1050",221.199999999799,0,"rich","205",1
"1051",228.683333333125,1,"rich","205",1
"1052",238.31666666645,3,"rich","205",1
"1053",247.933333333108,3,"rich","205",1
"1054",257.866666666432,0,"rich","205",1
"1055",265.416666666425,0,"rich","205",1
"1056",273.066666666418,3,"rich","205",1
"1057",282.71666666641,3,"rich","205",1
"1058",292.249999999734,1,"rich","205",1
"1059",301.949999999725,0,"rich","205",1
"1060",309.716666666385,1,"rich","205",1
"1061",319.19999999971,3,"rich","205",1
"1062",329.016666666367,0,"rich","205",1
"1063",336.599999999694,0,"rich","205",1
"1064",344.366666666353,1,"rich","205",1
"1065",353.983333333011,0,"rich","205",1
"1066",361.633333333004,1,"rich","205",1
"1067",371.383333332996,0,"rich","205",1
"1068",378.933333332989,3,"rich","205",1
"1069",388.616666666313,0,"rich","205",1
"1070",396.316666666306,3,"rich","205",1
"1071",405.883333332964,3,"rich","205",1
"1072",415.516666666289,3,"rich","205",1
"1073",425.383333332946,0,"rich","205",1
"1074",433.016666666273,0,"rich","205",1
"1075",440.549999999599,1,"rich","205",1
"1076",450.283333332924,3,"rich","205",1
"1077",460.033333332915,0,"rich","205",1
"1078",467.616666666241,3,"rich","205",1
"1079",477.249999999566,1,"rich","205",1
"1080",486.999999999557,0,"rich","205",1
"1081",494.69999999955,0,"rich","205",1
"1082",502.233333332877,1,"rich","205",1
"1083",511.949999999534,3,"rich","205",1
"1084",521.683333332859,0,"rich","205",1
"1085",529.283333332852,0,"rich","205",1
"1086",537.049999999512,3,"rich","205",1
"1087",546.749999999503,0,"rich","205",1
"1088",554.249999999496,3,"rich","205",1
"1089",563.999999999487,1,"rich","205",1
"1090",573.449999999478,3,"rich","205",1
"1091",583.333333332803,0,"rich","205",1
"1092",590.933333332796,1,"rich","205",1
"1093",600.51666666612,1,"rich","205",1
"1094",610.216666666112,0,"rich","205",1
"1095",617.849999999438,0,"rich","205",1
"1096",625.483333332764,3,"rich","205",1
"1097",635.083333332756,3,"rich","205",1
"1098",644.81666666608,0,"rich","205",1
"1099",652.866666666073,0,"rich","205",1
"1100",660.116666666066,1,"rich","205",1
"1101",669.849999999391,0,"rich","205",1
"1102",677.533333332717,1,"rich","205",1
"1103",687.283333332708,0,"rich","205",1
"1104",694.766666666035,1,"rich","205",1
"1105",704.433333332693,3,"rich","205",1
"1106",714.033333332684,1,"rich","205",1
"1107",723.933333332675,0,"rich","205",1
"1108",731.399999999335,3,"rich","205",1
"1109",741.083333332659,0,"rich","205",1
"1110",748.733333332652,3,"rich","205",1
"1111",758.483333332643,0,"rich","205",1
"1112",766.149999999303,3,"rich","205",1
"1113",775.733333332628,3,"rich","205",1
"1114",785.366666665952,0,"rich","205",1
"1115",793.483333332612,1,"rich","205",1
"1116",816.299999999258,0,"rich","205",1
"1117",823.783333332584,1,"rich","205",1
"1118",833.516666665909,1,"rich","205",1
"1119",843.1666666659,3,"rich","205",1
"1120",852.749999999224,3,"rich","205",1
"1121",862.466666665882,3,"rich","205",1
"1122",872.016666665874,1,"rich","205",1
"1123",881.699999999198,3,"rich","205",1
"1124",891.783333332522,0,"rich","205",1
"1125",899.066666665849,0,"rich","205",1
"1126",906.899999999175,0,"rich","205",1
"1127",914.366666665835,3,"rich","205",1
"1128",923.94999999916,3,"rich","205",1
"1129",933.799999999151,0,"rich","205",1
"1130",941.583333332477,0,"rich","205",1
"1131",948.983333332479,1,"rich","205",1
"1132",958.749999999153,0,"rich","205",1
"1133",966.366666665826,3,"rich","205",1
"1134",976.116666665834,0,"rich","205",1
"1135",983.649999999173,3,"rich","205",1
"1136",993.483333332514,0,"rich","205",1
"1137",1001.11666666585,0,"rich","205",1
"1138",1008.71666666586,1,"rich","205",1
"1139",1018.38333333253,3,"rich","205",1
"1140",1028.23333333254,3,"rich","205",1
"1141",1037.63333333255,0,"rich","205",1
"1142",1045.46666666589,0,"rich","205",1
"1143",1053.04999999923,1,"rich","205",1
"1144",1062.63333333257,3,"rich","205",1
"1145",1072.44999999924,0,"rich","205",1
"1146",1079.94999999924,1,"rich","205",1
"1147",1089.58333333258,3,"rich","205",1
"1148",1099.18333333258,3,"rich","205",1
"1149",1108.83333333257,3,"rich","205",1
"1150",1118.63333333257,0,"rich","205",1
"1151",1126.43333333257,0,"rich","205",1
"1152",1133.88333333257,1,"rich","205",1
"1153",1143.49999999924,1,"rich","205",1
"1154",1153.26666666591,0,"rich","205",1
"1155",1161.03333333257,0,"rich","205",1
"1156",1168.54999999924,3,"rich","205",1
"1157",1178.34999999924,3,"rich","205",1
"1158",1187.89999999924,0,"rich","205",1
"1159",1195.39999999924,1,"rich","205",1
"1160",5.5333333333283,0,"poor","205",2
"1161",13.0499999999881,1,"poor","205",2
"1162",22.6833333333127,0,"poor","205",2
"1163",30.4833333333056,0,"poor","205",2
"1164",38.116666666632,0,"poor","205",2
"1165",45.816666666625,0,"poor","205",2
"1166",53.5833333332846,0,"poor","205",2
"1167",61.2999999999442,0,"poor","205",2
"1168",68.8333333332707,1,"poor","205",2
"1169",91.9833333332497,0,"poor","205",2
"1170",99.7666666665759,0,"poor","205",2
"1171",107.633333333235,0,"poor","205",2
"1172",115.033333333229,3,"poor","205",2
"1173",124.749999999887,0,"poor","205",2
"1174",132.366666666546,0,"poor","205",2
"1175",140.066666666539,0,"poor","205",2
"1176",147.883333333199,0,"poor","205",2
"1177",155.599999999858,0,"poor","205",2
"1178",163.183333333185,1,"poor","205",2
"1179",173.049999999843,0,"poor","205",2
"1180",180.683333333169,0,"poor","205",2
"1181",188.366666666495,0,"poor","205",2
"1182",196.033333333155,3,"poor","205",2
"1183",219.049999999801,0,"poor","205",2
"1184",226.749999999794,0,"poor","205",2
"1185",234.416666666453,0,"poor","205",2
"1186",242.166666666446,3,"poor","205",2
"1187",252.333333333104,0,"poor","205",2
"1188",259.699999999764,0,"poor","205",2
"1189",267.166666666424,0,"poor","205",2
"1190",275.04999999975,3,"poor","205",2
"1191",298.116666666396,0,"poor","205",2
"1192",305.783333333055,0,"poor","205",2
"1193",313.366666666382,0,"poor","205",2
"1194",321.099999999708,1,"poor","205",2
"1195",330.983333333032,0,"poor","205",2
"1196",338.466666666359,1,"poor","205",2
"1197",365.766666666334,0,"poor","205",2
"1198",373.433333332994,0,"poor","205",2
"1199",381.083333332987,0,"poor","205",2
"1200",388.816666666313,0,"poor","205",2
"1201",396.483333332973,1,"poor","205",2
"1202",406.316666666297,0,"poor","205",2
"1203",413.96666666629,0,"poor","205",2
"1204",421.716666666283,0,"poor","205",2
"1205",429.233333332943,0,"poor","205",2
"1206",437.183333332936,3,"poor","205",2
"1207",464.216666666244,3,"poor","205",2
"1208",473.933333332902,1,"poor","205",2
"1209",497.349999999548,0,"poor","205",2
"1210",506.366666666206,3,"poor","205",2
"1211",514.399999999532,0,"poor","205",2
"1212",522.199999999525,1,"poor","205",2
"1213",545.283333332837,0,"poor","205",2
"1214",552.849999999497,0,"poor","205",2
"1215",560.616666666157,0,"poor","205",2
"1216",568.233333332817,0,"poor","205",2
"1217",575.983333332809,0,"poor","205",2
"1218",583.733333332802,0,"poor","205",2
"1219",591.266666666129,1,"poor","205",2
"1220",601.333333332786,1,"poor","205",2
"1221",624.183333332766,0,"poor","205",2
"1222",631.816666666092,0,"poor","205",2
"1223",639.566666666085,0,"poor","205",2
"1224",647.899999999411,0,"poor","205",2
"1225",655.933333332737,0,"poor","205",2
"1226",663.949999999396,3,"poor","205",2
"1227",685.716666666043,0,"poor","205",2
"1228",693.449999999369,0,"poor","205",2
"1229",701.199999999362,3,"poor","205",2
"1230",710.783333332687,3,"poor","205",2
"1231",733.966666665999,1,"poor","205",2
"1232",743.633333332657,0,"poor","205",2
"1233",751.18333333265,0,"poor","205",2
"1234",758.783333332643,0,"poor","205",2
"1235",766.733333332636,0,"poor","205",2
"1236",774.333333332629,0,"poor","205",2
"1237",782.133333332622,0,"poor","205",2
"1238",789.699999999282,0,"poor","205",2
"1239",797.316666665942,1,"poor","205",2
"1240",820.799999999253,0,"poor","205",2
"1241",828.166666665913,0,"poor","205",2
"1242",836.133333332573,1,"poor","205",2
"1243",845.533333332564,0,"poor","205",2
"1244",853.499999999224,0,"poor","205",2
"1245",861.866666665883,1,"poor","205",2
"1246",884.066666665863,0,"poor","205",2
"1247",891.666666665856,0,"poor","205",2
"1248",899.766666665848,0,"poor","205",2
"1249",907.416666665841,1,"poor","205",2
"1250",916.7333333325,0,"poor","205",2
"1251",924.466666665826,3,"poor","205",2
"1252",934.666666665817,0,"poor","205",2
"1253",941.91666666581,3,"poor","205",2
"1254",964.883333332491,0,"poor","205",2
"1255",972.549999999164,0,"poor","205",2
"1256",980.483333332504,0,"poor","205",2
"1257",988.066666665843,0,"poor","205",2
"1258",995.666666665849,0,"poor","205",2
"1259",1003.34999999919,0,"poor","205",2
"1260",1011.53333333253,0,"poor","205",2
"1261",1018.6999999992,1,"poor","205",2
"1262",1028.51666666588,0,"poor","205",2
"1263",1036.03333333255,1,"poor","205",2
"1264",1059.28333333257,0,"poor","205",2
"1265",1067.06666666591,1,"poor","205",2
"1266",1090.13333333258,0,"poor","205",2
"1267",1097.69999999924,0,"poor","205",2
"1268",1105.33333333257,3,"poor","205",2
"1269",1115.24999999924,0,"poor","205",2
"1270",1122.64999999924,0,"poor","205",2
"1271",1130.74999999924,0,"poor","205",2
"1272",1138.11666666591,3,"poor","205",2
"1273",1161.23333333257,3,"poor","205",2
"1274",1188.28333333257,1,"poor","205",2
"1275",7.699999999993,-2,"rich","206",1
"1276",14.5833333333201,0,"rich","206",1
"1277",21.0333333333142,0,"rich","206",1
"1278",28.7499999999739,3,"rich","206",1
"1279",38.2666666666319,3,"rich","206",1
"1280",47.8833333332898,0,"rich","206",1
"1281",55.8499999999492,1,"rich","206",1
"1282",65.0166666666075,1,"rich","206",1
"1283",74.8666666665986,0,"rich","206",1
"1284",82.2999999999251,1,"rich","206",1
"1285",92.1166666665829,1,"rich","206",1
"1286",101.549999999908,0,"rich","206",1
"1287",109.566666666567,0,"rich","206",1
"1288",117.233333333227,3,"rich","206",1
"1289",127.066666666551,0,"rich","206",1
"1290",134.633333333211,3,"rich","206",1
"1291",144.199999999869,1,"rich","206",1
"1292",153.64999999986,3,"rich","206",1
"1293",163.466666666518,0,"rich","206",1
"1294",171.099999999844,3,"rich","206",1
"1295",180.683333333169,0,"rich","206",1
"1296",188.483333333162,1,"rich","206",1
"1297",197.966666666487,0,"rich","206",1
"1298",205.71666666648,1,"rich","206",1
"1299",215.249999999804,1,"rich","206",1
"1300",225.149999999795,0,"rich","206",1
"1301",232.683333333122,0,"rich","206",1
"1302",240.399999999781,1,"rich","206",1
"1303",250.266666666439,0,"rich","206",1
"1304",257.799999999766,0,"rich","206",1
"1305",265.483333333092,3,"rich","206",1
"1306",275.433333333083,0,"rich","206",1
"1307",282.816666666409,3,"rich","206",1
"1308",292.399999999734,1,"rich","206",1
"1309",301.983333333059,1,"rich","206",1
"1310",312.883333333049,0,"rich","206",1
"1311",319.39999999971,1,"rich","206",1
"1312",328.899999999701,3,"rich","206",1
"1313",338.749999999692,0,"rich","206",1
"1314",346.216666666352,3,"rich","206",1
"1315",355.849999999676,0,"rich","206",1
"1316",363.699999999669,1,"rich","206",1
"1317",373.116666666327,0,"rich","206",1
"1318",381.033333332987,0,"rich","206",1
"1319",388.549999999647,1,"rich","206",1
"1320",398.749999999637,1,"rich","206",1
"1321",407.849999999629,0,"rich","206",1
"1322",415.533333332955,1,"rich","206",1
"1323",425.133333332947,3,"rich","206",1
"1324",435.016666666271,0,"rich","206",1
"1325",442.649999999597,0,"rich","206",1
"1326",450.216666666257,0,"rich","206",1
"1327",457.899999999584,3,"rich","206",1
"1328",467.633333332908,1,"rich","206",1
"1329",477.249999999566,3,"rich","206",1
"1330",486.916666666224,3,"rich","206",1
"1331",496.416666666215,0,"rich","206",1
"1332",504.116666666208,3,"rich","206",1
"1333",513.783333332866,1,"rich","206",1
"1334",523.549999999524,3,"rich","206",1
"1335",533.199999999515,0,"rich","206",1
"1336",540.833333332841,0,"rich","206",1
"1337",548.466666666168,1,"rich","206",1
"1338",558.149999999492,3,"rich","206",1
"1339",569.533333332815,1,"rich","206",1
"1340",577.399999999475,3,"rich","206",1
"1341",587.033333332799,3,"rich","206",1
"1342",596.616666666124,0,"rich","206",1
"1343",604.316666666117,0,"rich","206",1
"1344",612.049999999443,0,"rich","206",1
"1345",619.716666666103,3,"rich","206",1
"1346",629.333333332761,0,"rich","206",1
"1347",637.149999999421,1,"rich","206",1
"1348",646.699999999412,3,"rich","206",1
"1349",656.983333332736,0,"rich","206",1
"1350",664.083333332729,1,"rich","206",1
"1351",673.849999999387,0,"rich","206",1
"1352",681.34999999938,0,"rich","206",1
"1353",689.099999999373,0,"rich","206",1
"1354",696.8833333327,0,"rich","206",1
"1355",704.566666666026,3,"rich","206",1
"1356",714.116666666017,3,"rich","206",1
"1357",723.716666666008,3,"rich","206",1
"1358",733.349999999333,1,"rich","206",1
"1359",743.049999999324,3,"rich","206",1
"1360",752.666666665982,1,"rich","206",1
"1361",762.23333333264,3,"rich","206",1
"1362",771.883333332631,1,"rich","206",1
"1363",781.616666665956,0,"rich","206",1
"1364",789.183333332616,0,"rich","206",1
"1365",797.049999999275,0,"rich","206",1
"1366",805.149999999268,0,"rich","206",1
"1367",812.299999999261,0,"rich","206",1
"1368",820.133333332587,0,"rich","206",1
"1369",827.799999999247,1,"rich","206",1
"1370",837.366666665905,3,"rich","206",1
"1371",847.066666665896,3,"rich","206",1
"1372",856.616666665888,1,"rich","206",1
"1373",866.316666665879,3,"rich","206",1
"1374",875.833333332537,1,"rich","206",1
"1375",885.549999999195,3,"rich","206",1
"1376",895.966666665852,0,"rich","206",1
"1377",902.833333332512,0,"rich","206",1
"1378",910.616666665838,0,"rich","206",1
"1379",918.249999999165,1,"rich","206",1
"1380",927.916666665823,0,"rich","206",1
"1381",936.233333332482,3,"rich","206",1
"1382",946.56666666581,3,"rich","206",1
"1383",954.916666665817,1,"rich","206",1
"1384",964.433333332491,3,"rich","206",1
"1385",974.199999999165,0,"rich","206",1
"1386",981.949999999172,0,"rich","206",1
"1387",989.783333332511,0,"rich","206",1
"1388",997.26666666585,1,"rich","206",1
"1389",1006.94999999919,1,"rich","206",1
"1390",1016.51666666587,0,"rich","206",1
"1391",1024.29999999921,1,"rich","206",1
"1392",1034.01666666588,0,"rich","206",1
"1393",1042.01666666589,3,"rich","206",1
"1394",1051.29999999923,0,"rich","206",1
"1395",1059.44999999923,0,"rich","206",1
"1396",1066.59999999924,3,"rich","206",1
"1397",1076.33333333258,1,"rich","206",1
"1398",1085.93333333258,3,"rich","206",1
"1399",1095.71666666591,0,"rich","206",1
"1400",1103.24999999924,3,"rich","206",1
"1401",1112.91666666591,3,"rich","206",1
"1402",1122.53333333257,0,"rich","206",1
"1403",1130.16666666591,0,"rich","206",1
"1404",1137.94999999924,3,"rich","206",1
"1405",1147.51666666591,1,"rich","206",1
"1406",1157.13333333257,0,"rich","206",1
"1407",1164.78333333257,1,"rich","206",1
"1408",1174.58333333257,1,"rich","206",1
"1409",1184.08333333257,0,"rich","206",1
"1410",1191.83333333257,0,"rich","206",1
"1411",1199.49999999924,3,"rich","206",1
"1412",5.51666666666165,0,"poor","206",2
"1413",13.1166666666547,0,"poor","206",2
"1414",21.1333333333141,0,"poor","206",2
"1415",29.1833333333068,0,"poor","206",2
"1416",36.4499999999668,3,"poor","206",2
"1417",46.1833333332913,0,"poor","206",2
"1418",53.849999999951,0,"poor","206",2
"1419",61.4166666666108,0,"poor","206",2
"1420",69.299999999937,3,"poor","206",2
"1421",78.483333333262,0,"poor","206",2
"1422",86.6999999999211,0,"poor","206",2
"1423",95.1833333332468,0,"poor","206",2
"1424",101.933333333241,0,"poor","206",2
"1425",109.6999999999,0,"poor","206",2
"1426",117.449999999893,0,"poor","206",2
"1427",125.516666666553,0,"poor","206",2
"1428",133.233333333212,0,"poor","206",2
"1429",140.833333333205,0,"poor","206",2
"1430",147.916666666532,1,"poor","206",2
"1431",175.233333333174,0,"poor","206",2
"1432",183.399999999833,3,"poor","206",2
"1433",192.816666666491,0,"poor","206",2
"1434",200.783333333151,0,"poor","206",2
"1435",208.583333333144,0,"poor","206",2
"1436",216.033333333137,1,"poor","206",2
"1437",225.099999999795,0,"poor","206",2
"1438",233.633333333121,0,"poor","206",2
"1439",241.199999999781,0,"poor","206",2
"1440",248.833333333107,3,"poor","206",2
"1441",272.016666666419,0,"poor","206",2
"1442",279.649999999746,0,"poor","206",2
"1443",287.416666666405,0,"poor","206",2
"1444",295.049999999732,0,"poor","206",2
"1445",302.716666666391,1,"poor","206",2
"1446",312.416666666383,0,"poor","206",2
"1447",320.149999999709,0,"poor","206",2
"1448",328.166666666368,0,"poor","206",2
"1449",335.433333333028,1,"poor","206",2
"1450",345.166666666353,0,"poor","206",2
"1451",353.499999999678,0,"poor","206",2
"1452",360.616666666339,3,"poor","206",2
"1453",388.099999999647,1,"poor","206",2
"1454",410.949999999626,3,"poor","206",2
"1455",420.599999999617,0,"poor","206",2
"1456",428.249999999611,3,"poor","206",2
"1457",451.583333332923,0,"poor","206",2
"1458",459.199999999582,0,"poor","206",2
"1459",466.883333332909,0,"poor","206",2
"1460",474.533333332902,0,"poor","206",2
"1461",482.083333332895,0,"poor","206",2
"1462",489.799999999555,0,"poor","206",2
"1463",497.649999999547,0,"poor","206",2
"1464",505.116666666207,1,"poor","206",2
"1465",532.549999999516,0,"poor","206",2
"1466",540.049999999509,1,"poor","206",2
"1467",563.233333332821,1,"poor","206",2
"1468",573.116666666145,0,"poor","206",2
"1469",580.966666666138,0,"poor","206",2
"1470",588.399999999465,3,"poor","206",2
"1471",611.466666666111,3,"poor","206",2
"1472",638.849999999419,1,"poor","206",2
"1473",666.099999999394,3,"poor","206",2
"1474",675.916666666052,0,"poor","206",2
"1475",683.333333332712,0,"poor","206",2
"1476",691.133333332705,1,"poor","206",2
"1477",714.566666666017,0,"poor","206",2
"1478",721.883333332677,3,"poor","206",2
"1479",731.649999999335,0,"poor","206",2
"1480",739.449999999327,0,"poor","206",2
"1481",746.949999999321,0,"poor","206",2
"1482",754.61666666598,3,"poor","206",2
"1483",777.866666665959,0,"poor","206",2
"1484",785.483333332619,3,"poor","206",2
"1485",795.28333333261,0,"poor","206",2
"1486",802.833333332603,0,"poor","206",2
"1487",812.266666665928,-2,"poor","206",2
"1488",818.416666665922,0,"poor","206",2
"1489",825.816666665916,0,"poor","206",2
"1490",833.599999999242,3,"poor","206",2
"1491",843.1666666659,0,"poor","206",2
"1492",851.033333332559,0,"poor","206",2
"1493",858.566666665886,0,"poor","206",2
"1494",866.333333332545,3,"poor","206",2
"1495",889.449999999191,0,"poor","206",2
"1496",897.216666665851,0,"poor","206",2
"1497",904.916666665844,0,"poor","206",2
"1498",912.54999999917,1,"poor","206",2
"1499",922.183333332495,0,"poor","206",2
"1500",931.149999999153,1,"poor","206",2
"1501",953.033333332482,0,"poor","206",2
"1502",960.916666665822,0,"poor","206",2
"1503",968.516666665828,0,"poor","206",2
"1504",976.1333333325,0,"poor","206",2
"1505",983.949999999173,1,"poor","206",2
"1506",1011.09999999919,0,"poor","206",2
"1507",1018.86666666587,3,"poor","206",2
"1508",1041.89999999922,3,"poor","206",2
"1509",1051.91666666589,0,"poor","206",2
"1510",1059.49999999923,0,"poor","206",2
"1511",1066.99999999924,0,"poor","206",2
"1512",1074.69999999924,0,"poor","206",2
"1513",1082.29999999924,1,"poor","206",2
"1514",1105.31666666591,0,"poor","206",2
"1515",1113.04999999924,3,"poor","206",2
"1516",1122.78333333257,0,"poor","206",2
"1517",1130.43333333257,0,"poor","206",2
"1518",1138.49999999924,0,"poor","206",2
"1519",1145.89999999924,0,"poor","206",2
"1520",1153.83333333257,0,"poor","206",2
"1521",1161.23333333257,0,"poor","206",2
"1522",1169.29999999924,0,"poor","206",2
"1523",1176.6666666659,1,"poor","206",2
"1524",1186.53333333257,3,"poor","206",2
